<?xml version="1.0"?>
<mersTrenuri>
	<ruta>
		<nume>Pascani - Podu Iloaiei - Iasi</nume>
		<statie>Letcani</statie>
		<sosire>08:55</sosire>
		<plecare>09:00</plecare>
		<intarziere>0</intarziere>
	</ruta>
	<ruta>
		<nume>Pascani - Podu Iloaiei - Iasi</nume>
		<statie>Pascani</statie>
		<sosire>19:45</sosire>
		<plecare>19:15</plecare>
		<intarziere>0</intarziere>
	</ruta>
	<ruta>
		<nume>Ungheni Prut Hm - Nicolina - Iasi</nume>
		<statie>Nicolina</statie>
		<sosire>08:30</sosire>
		<plecare>19:35</plecare>
		<intarziere>0</intarziere>
	</ruta>
	<ruta>
		<nume>Pascani - Podu Iloaiei - Iasi</nume>
		<statie>Letcani</statie>
		<sosire>19:30</sosire>
		<plecare>05:32</plecare>
		<intarziere>0</intarziere>
	</ruta>
	<ruta>
		<nume>Pascani - Podu Iloaiei - Iasi</nume>
		<statie>Pascani</statie>
		<sosire>03:45</sosire>
		<plecare>04:15</plecare>
		<intarziere>0</intarziere>
	</ruta>
	<ruta>
		<nume>Ungheni Prut Hm - Nicolina - Iasi</nume>
		<statie>Nicolina</statie>
		<sosire>08:30</sosire>
		<plecare>08:35</plecare>
		<intarziere>0</intarziere>
	</ruta>
</mersTrenuri>
